question,target
До каква сума може да изтегли клиент на каса без предварителна заявка,АТМ И КАСОВА ДЕЙНОСТ
дай ми линк към искане за оспорване , БАНКОВИ ОПЕРАЦИИ
Докементи ABC падписват ли се и за родител или настойник, Ежедневно банкиране
при първоначално заявяване на виртуална карта можем ли да изберем клон за получаване, Ежедневно банкиране
Клиент не си вижда контактите за превод в ABC мобайл, Ежедневно банкиране
"Може ли през ABC  да се обработват искания за кредити, насочени от външни партньори", Потребителско кредитиране
Как се подписват електроонно документи за потребителски кредит в приложението ABC MOBILE, Ежедневно банкиране
с доход 1300 лв. може ли клинта да получи кредит 60000, Потребителско кредитиране
"Мога ли да открия набирателна сметка на българско дружество, като единият от съдружниците е чуждестарнно юридическо лице", Малък бизнес
в bankway,Други
план по разплащателна сметка, Ежедневно банкиране
активиране на карта в мобилен портфейл,Няколко
през ABC Комплект , Ежедневно банкиране
Може ли през ABC Mobile да се нареди валутен превод с преференциален обменен курс ?, Ежедневно банкиране
какви са необходимити документи за жилищен кредит, Жилищни и ипотечни кредити
какви са нискорисковите инвестиционни планове, Спестяване и инвестиции
"ABC мобайл, 3д парола", Ежедневно банкиране
кажи ми покритите рискове при застраховка спокойствие, Ежедневно банкиране
адрес на офис слатина,Други
как да продам смисъл за теб, Спестяване и инвестиции
Как да включа разплащателна сметка към планове за ежедневно банкиране на банка ABC, Ежедневно банкиране
Как се верифицират контактни данни на клиент (мобилен номер и e-mail) при дигитален онбординг или регистрация в ABC Mobile?, Ежедневно банкиране
Какви видове потребителски кредити може да ползва клиент на банката?, Потребителско кредитиране
В кое меню се Заявява услугата „Пенсионни фондове и застрахователни продукти“?, БАНКОВИ ОПЕРАЦИИ
срок при нецели жилищен кредит, Жилищни и ипотечни кредити
какъв е вальора за стандартен валутен превод SWIFT, БАНКОВИ ОПЕРАЦИИ
набирателна сметка процедура, Малък бизнес
С кои училища банката има сключени договори ?,Други
Към кой банки мога да наредя Превод blink?, БАНКОВИ ОПЕРАЦИИ
а може ли по-голяма сума?,Други
грешка в ABC  123, Ежедневно банкиране
в какъв срок се одобряват исканията за кредит,Няколко
какъв е DSTI при доходи от пенсия, Потребителско кредитиране
Необходими документи при ипотечен кредит за строителство, Жилищни и ипотечни кредити
какЪв  е максималния размер за КТП, Потребителско кредитиране
черен списък, КРЕДИТЕН РИСК ИНДИВИДУАЛНИ КЛИЕНТИ
ABC mobile, Ежедневно банкиране
как се определя размера на средствата за текущи потребности при ипотечен кредит за нецелево външно рефинансиране, Жилищни и ипотечни кредити
може ли родител да внася без такса по спестовен детски влог, Ежедневно банкиране
по план Премиум безплатни ли са пеиодичните преводи с бъдеща дата?, Ежедневно банкиране
Има ли възможност за млади семейства и облекчения по тях ? , Жилищни и ипотечни кредити
КОга влизат в сила преференциите по подписан план за заплата ?, Ежедневно банкиране
Можели да разбера банковата си сметка ,Други
да,Други
трябва ли да бъде нотариално заверено?,Други
местоположение на банкомати за внасяне на пари ,  АТМ И КАСОВА ДЕЙНОСТ
може ли да се открие сметка ABC академи, Ежедневно банкиране
Какъв е срока за усвояване на ипотечен кредит, Жилищни и ипотечни кредити
Към кого да се обърна да бъде разблокирана?, Ежедневно банкиране
МОЖЕ ЛИ КЛИЕНТ ДА ДЕАКТИВИРА 3D ЗАЩИТА ПО ПОГРЕШКА  , Ежедневно банкиране
изисквания за ипотечен кредит, Жилищни и ипотечни кредити
дай ми бланка за GDPR за жилищен кредит,Няколко
Младежки план, Ежедневно банкиране
При починал титуляр по кредит какви действия се предприемат?, Ежедневно банкиране
каква е таксата за реактивиране на ограничена сметка, Ежедневно банкиране
какви буфери се използват при изчисляване на минимален остатъчен доход при потребителски кредити , Потребителско кредитиране
тип 12 е самоосигуряващ се в регистрите на НОИ,Други
аРХИВИРАНЕ НА ПЛЪНОМОЩНИ, Ежедневно банкиране
"добре, благодаря за отговора, но нямаш право да даваш инвестиционни съвети на клиент",Други
приложение 3,Други
"възможно ли е да финансираме по облекчената процедура клиент, чиито трудов договор е бил прекратен, но е подал искане за кредитна карта?", Разсрочени плащания
"мога ли да се обслужвам в офиси частно банкиране , ако нямам личен банкер",Други
ЛИМИТИ ПРИ ABC , Ежедневно банкиране
потребителски кредит за премиум клиенти до 100 000 - условия , Потребителско кредитиране
има ли дистанционен процес за откриване на сметка ABC Живот, Ежедневно банкиране
провери в тарифата на Банката, Ежедневно банкиране
какво е LOP, Разсрочени плащания
възможно ли е клиент да редактира реквизитите на вече нареден превод в ABC Mobile за да се използва информацията отново , Ежедневно банкиране
МОЖЕ ЛИ В ТАБЛИЧЕН ВИД ПЛАН ЗА ПЕНСИЯ?, Ежедневно банкиране
Ще се увеличи ли работната заплата на служителите в банката ,Други
какви възможности за финнсиране на има клиент при кандидастване при потребителски кредит с рефинасиране през ABC mobile, Ежедневно банкиране
"да но ако клиента има и издадена платинена карта по новия план, ще може ли да запази и галакси без такса ", Ежедневно банкиране
как клиент може да увеличи лимита си до максималната сума за теглене или плащане през ABC MOBILE, Ежедневно банкиране
има ли такса при отпускане на потребителски кредит, Потребителско кредитиране
кой може да открие дарителска сметка, Ежедневно банкиране
аз съм служител и искам да въведа жик в системата, Жилищни и ипотечни кредити
План ABC живот, Малък бизнес
Може ли информация какво е ABC Живот, Спестяване и инвестиции
Има ли гратисен период на кредитна карта  Planet, Разсрочени плащания
при превод към revolut на държава какво да запишем, БАНКОВИ ОПЕРАЦИИ
може ли да се вземе доход от майчинство за потребителски кредит, Потребителско кредитиране
ABC super product дебитна ли е, Ежедневно банкиране
каква е разликата между инвестиционен план и фонд , Спестяване и инвестиции
такса за справка на бизнес клиент по разплащателна сметка, Малък бизнес
"Когато имаме представено пълномощно заверено от консулска служба и не може да се провери в Единство 2 ,трябва ли да се направи връзка с титуляра",ПРАВНО
КАК ДА СИ ДОБАВЯ КРЕДИТИТЕ В ABC Комплект, Ежедневно банкиране
"Какъв е максималния разме на КТП за работещ с доход между 2500,01 лв до 4000 лева включително?", Потребителско кредитиране
номер на офис Стрелбище 123,Други
от къде получи тази информация ,Други
"Аз съм СБО клиенти които не са на банката минават през мен , и аз като кажа че таксата е 35,20 лв,за вноска и няма как да го привлека като наш клиент.",Други
за какъв период се изисква да бъде издадено удостоверението за вещни тежести, Жилищни и ипотечни кредити
а такса за откриване , Ежедневно банкиране
"ТАКСУВАТ ЛИ СЕ СМС ПО ЕВРОВА СМЕТКА ,КОГАТО ТЯ Е ВКЛЮЧЕНА В ПЛАН БЕЗ ОГРАНИЧЕНИЯ", Ежедневно банкиране
каква е минималната лихва при кк, Разсрочени плащания
каква е таксата за оценка на апартамент с гараж?, Жилищни и ипотечни кредити
има ли такса при вноска на ABC старт, Ежедневно банкиране
има ли кешбек бек кредитната карта wizzair, Разсрочени плащания
КАКВО ПРЕДСАВЛЯВА ИНВЕСТИЦИОННА СТРАТЕГИЯ НА ФОНДА?, Спестяване и инвестиции
предоговаряне на срок по потребителски кредит, Потребителско кредитиране
оспорване на транзакция, БАНКОВИ ОПЕРАЦИИ
Може ли да финансираме Сглобяеми къщи, Жилищни и ипотечни кредити
колко броя допълнителни карти могат да се издадат по разплащателна сметка, Ежедневно банкиране
има ли такса вноска детски влог, Ежедневно банкиране
какви са условията по пакет Без ограничения, Ежедневно банкиране
какво се случва ако в три последователни месеца не се вземе таксата за инвестиционен план зарада недостатъчна наличност, Спестяване и инвестиции
колко е минималната вноска за инвестиционен фонд, Спестяване и инвестиции
Условия за ЖИК при акт 15?, Спестяване и инвестиции
документи за набирателна сметка, Малък бизнес
Как се анализират доходите от командировъчни в търговския сектор? ,Няколко
какво трябва да направя ако банкомата ми задържи банкнота за проверка,  АТМ И КАСОВА ДЕЙНОСТ
какви реквизити трябва да съдържа пълномощното за електронно банкиране на ФЛ,ПРАВНО
"кеш бека на транзакция може ли да е над 1000 лева, или трябва на няколко транзакции", Разсрочени плащания
Как да закрия клиентска сметка, Ежедневно банкиране
можем ли да откриваме сметки на украински граждани?, Ежедневно банкиране
Искане през ABC Комплект не може да се пусне за ипотечен кредит, Жилищни и ипотечни кредити
Кредит усвоен през ABC Смарт задължително ли е да ползва план без ограничение?, Ежедневно банкиране
ако клиент внася пари на каса в банков офис дължи ли такса за вноската, Ежедневно банкиране
"Здравейте,въпросът ми е ако искам да захраня собствената си сметка във всаш клон ще имам ли такса за захранване 2000 лв", Ежедневно банкиране
мога ли да имам премиум план ако заплатата ми е 1000лв, Ежедневно банкиране
упф ABC Живот, Спестяване и инвестиции
Има ли гратисен период на кредитна карта ABC Super Life, Разсрочени плащания
Как се променя забравен шест цифрен код за верификация в ABC Mobile?, Ежедневно банкиране
телефон към пазар КТП, Потребителско кредитиране
до колко часа се пуска заявка за теглене на пари на каса?, БАНКОВИ ОПЕРАЦИИ
какъв е размера на общата месечна вноска на пенция в ДЗПО, Спестяване и инвестиции
При сключване на план Без Ограничение и Премиум план откога влиза в сила безплатните картови операции, Ежедневно банкиране
В КАКВА ВАЛУТА МОГА ДА ОТКРИЯ РАЗПЛАЩАТЕЛНА СМЕТКА , Ежедневно банкиране
как се проверява пълномпщно в единство,Други
Meta pay code какво е ,Други
Кой от следните фондове е финансран от задължителни вноски от работници и работодатели , Спестяване и инвестиции
ползи на спокойствие по дебитна карта , Банково застраховане
какво е дебитна карта, Ежедневно банкиране
какво е ЦБО,Други
може ли да има съдлъжник през LOS, Потребителско кредитиране
как мога да активирам ел. банкиране?, Ежедневно банкиране
Какъв е срока на валидност на кредитна карта WIZZ AIR?, Разсрочени плащания
Може ли да се открива РС на вече регистриран клиент?, Ежедневно банкиране
какъв е срокът на плановете за ежедневно банкиране , Ежедневно банкиране
Необходима ми е бланка за Искане на кредит от съдлъжник, Жилищни и ипотечни кредити
ЗАЩО ИМА ЛИХВА ПО КК, Разсрочени плащания
КАК СЕ АКТИВИРА ЕЛЕКТРОННО БАНКИРАНЕ НА ABC Радост, Ежедневно банкиране
"Банка ABC и VISA стартират стратегическо партньорство, за да осигурим на своите клиенти: /посочете всички верни отговор",Няколко
до кои 6 града дава достъп World Debit Mastercard, Ежедневно банкиране
Имам ли опция да избирам какви съобщения мога да получавам спрямо вида транзакция? , Ежедневно банкиране
трезор, Ежедневно банкиране
това не е вярно,Други
На падежна дата може ли да се погасява изцяло кредит ?,Няколко
Може ли клиент да си открие сметка в Австралийски долари в клон на банката, Ежедневно банкиране
Застраховка Смисъл за мен, Банково застраховане
"Каква информация се съдържа секция 5 ""Посъветвайклиента"" в CRM?",CRM
какво е Global Data Roaming by Flexiroam:,Други
до какъв размер може да се отпусне кредит на служител на Банката, КРЕДИТЕН РИСК ИНДИВИДУАЛНИ КЛИЕНТИ
има ли такса за вноска на гише по срочен депозит, БАНКОВИ ОПЕРАЦИИ
Как се изчислява какава ще е сумата на кредита при втора по ред ипотека, Жилищни и ипотечни кредити
задължително ли е включване на план за ежедневно банкиране, Ежедневно банкиране
колко време след предаване и активиране трябва  да бъде сменен пик кода на кредитна карта , Разсрочени плащания
подписваме ли ипотеки с евротръст, Жилищни и ипотечни кредити
В МОМЕНТА ИМА ЛИ ПРЕФЕРЕНЦИЙ ЗА ABC МАКС КОИТО БЯХА В ПРОМОЦИЯ, Ежедневно банкиране
какво включва пакет без ограничения, Ежедневно банкиране
колко е минималната брутна заплата,Други
колко струва такса оценка на обезпечение, Жилищни и ипотечни кредити
колко дебитни карти може да има един клиент, Ежедневно банкиране
КОГА ВЛИЗА В СИЛО ОТКРИВАНЕТО НА ПЛАН ПРЕМИУМ, Ежедневно банкиране
какви са условията по пакет пкан без ограничения, Ежедневно банкиране
за правно и юридическо становище, Жилищни и ипотечни кредити
Къде в MOBAIL клиент може да прегледа документите си за кредит текущи нужди преди да ги подпише, Ежедневно банкиране
аргументи за продажба на  застраховка Спестяване, Банково застраховане
25 000 лв без такса за теглене в рамките на един календарен месец с премиум план?,Няколко
ИНВЕСТИЦИОННИ ПЛАНОВЕ, Спестяване и инвестиции
Мога ли да открия фирмена сметка в офиса., Малък бизнес
тристранно споразумение за електронни канали, Малък бизнес
кредитиране с болничен, КРЕДИТЕН РИСК ИНДИВИДУАЛНИ КЛИЕНТИ
има ли безплатен достъп за придружител с mastercard platinum, Ежедневно банкиране
на апартамент, Жилищни и ипотечни кредити
Защо не ми се визуализира мотивационната схема в Пауър Би ай ?,Други
какви аргументи мога да дам на клиента при продажба на инвестиционен план, Спестяване и инвестиции
Картата към допълнилната валутна сметка участва ли в броенето за целите на условното таксуване на плана, Ежедневно банкиране
по какъв кредит е тази такса,Няколко
какво е ЕИП,Други
До каква сума клиент може да нареди превод през ABC смарт, Ежедневно банкиране
кои параметри може да променя клиентът по офертата по потребителски кредит в приложението ABC mobile, Потребителско кредитиране
Служител Златко Златов,Други
колко дебитни карти може да има един клиент , Ежедневно банкиране
Защо да изтегля кредит от банката?,Други
Колко е таксата за оценка на апартамент и два гаража?, Жилищни и ипотечни кредити
КРЕДИТ НА ЧУЖДЕНЕЦ, Жилищни и ипотечни кредити
Може ли вече клиентите да имат само ABC мобайл , Ежедневно банкиране
каква е облекчената процедура за кредитни карти, Разсрочени плащания
условия по кредитна карта wizz air, Разсрочени плащания
ЗАДЪЛЖИТЕЛНО ЛИ Е ПОПЪЛВАНЕ ИСКАНЕ ЗА ИЗВЪНРЕДНА ВНОСКА ПО КРЕДИТ КАТО КЛИЕНТА НЕ ЖЕЛАЕ ПРОМЯНА, Жилищни и ипотечни кредити
за да се изтрие сметка как се маха план, Ежедневно банкиране
какво означава съкращението КК,Други
през онбординг процеса може ли да се открие еврова сметка, Ежедневно банкиране
"Когато дебитната карта е доставена на клиент чрез куриер, какъв е начинът за нейната активация?", Ежедневно банкиране
не съм съгласна говорим за кредит до 15000, Потребителско кредитиране
анализ на доход от дивиденти, КРЕДИТЕН РИСК ИНДИВИДУАЛНИ КЛИЕНТИ
удостоверение за липса на задължение на юридическо лице, Малък бизнес
указание за изключване от забранителни списъци, КРЕДИТЕН РИСК ИНДИВИДУАЛНИ КЛИЕНТИ
много си учтив,Други
"Дължи ли се такса при целево външно рефинансиране на ипотечен кредит, заедно с вътрешно рефинансиране на КТП в Банка ABC", Потребителско кредитиране
бланка за заличаване на ипотека , Жилищни и ипотечни кредити
Доходи от майчинство, КРЕДИТЕН РИСК ИНДИВИДУАЛНИ КЛИЕНТИ
когото клиен закрива кредитна карта  със задължения  каква сума трябва да му съберем, Разсрочени плащания
как се избира нотариус за изповядване на ипотека ?,ПРАВНО
А ИМАТЕЛИ ИНФОРМАЦИЯ ЗА НЕЩО СВЪРЗАНО С БАНКАТА,Други
Как се стартира процеса по асистиран онбординг за бизнес клиенти в банков офис, Малък бизнес
изпрлащане на следствен влог, БАНКОВИ ОПЕРАЦИИ
"Здравей, може ли да се заличи ипотека по фирмен кредит ", Малък бизнес
Необходимо ли е да се носи акт за раждане при откриване на РС ABC Радост ?, Ежедневно банкиране
като служител имам ли такса за теглене на атм в европа,  АТМ И КАСОВА ДЕЙНОСТ
откриване по облекчена процедура ABC Радост с декларация, Ежедневно банкиране
какво покрива застраховка кредитна защита, Банково застраховане
Може ли да се добави втори съдлъжник по потребителски кредит?, Потребителско кредитиране
колко е таксата за превод на фл, Ежедневно банкиране
Може ли по набирателна сметка на фирма да се превърли дяла от сметката на физическото лице?, Малък бизнес
Архивира ли се полица застраховка спокойствие дебитна карта, Банково застраховане
съгласие на родител,Други
"По застраховка ""Любим дом Стандарт"" застраховат ли се соларни панели на покрив?", Банково застраховане
как се излъчва валутен превод, БАНКОВИ ОПЕРАЦИИ
какви изисквания трябва да покривам за да закупя Премиум план , Ежедневно банкиране
откриване на фирмена сметка месечна такса, Малък бизнес
говоря за физическо лице и бизнес клиен,Други
Колко минути е обедната почивка ,Други
може ли да се издаде World Debit Mastercard без пакет премиум, Ежедневно банкиране
"Какви продукти са включени в плановете,стартирани от опция""Разплащателна сметка с план при асистиран онбординг процес за Бизнес клиенти в поделение на Банката", Малък бизнес
с каква заплата се назначават новите служители,Други
каква е таксата за вноска на каса на евро, БАНКОВИ ОПЕРАЦИИ
Каква е ползата от използването на кредитна карта WIZZ AIR, Разсрочени плащания
Такса теглене на гише от еврова сметка пакет премиум план, БАНКОВИ ОПЕРАЦИИ
клиентът със собствени средства ли финансира разходите до груб строеж, Жилищни и ипотечни кредити
Предлага ли се още ISIC карта, Ежедневно банкиране
"Дай мми пример как се изчисляват задължителните здравни осигуровки и социални осигуровки на максимален осигурителен праг за анализ на дохода за ипотечен кредит за покупка на жилищен имот за лице, упражняващо свободна професия, консултант регистриран по ЕИК", Жилищни и ипотечни кредити
пререгистрация на фирма?, Малък бизнес
какво включва план за пенсия, Ежедневно банкиране
има ли такса за предсрочно погасяване на потребителски кредит?, Потребителско кредитиране
Издаваме ли кредитни карти Super Life, Разсрочени плащания
каква сума може да се усвои на първия етап при кредит за строителство, Жилищни и ипотечни кредити
Когато има наследствен дял с двама наследника и единия си е взел неговия дял в офис на Банка ABC с необходимите документи и след това втория наследник се явява в друг оофис на Банка ABC  и желае неговия дял да бъде изплатен без да носи никакви документи.. Въпроса ми -може ли да се използват от системата сканираните документи или втория  наследник трябва да носи със себе си оригиналите на у-ние на наследници и смъртен акт.,ПРАВНО
нареждане на валутен превод през ABC Мобайл, Ежедневно банкиране
Чуждестранен гражданин проявява интерес към кредит в БABC,Няколко
Какво включва младежкият пакет?, Ежедневно банкиране
от ABC макс в млан за младежи необходими действия от служителя, Ежедневно банкиране
след като се прехвърли сметката на ЗП към регистрация с Булстат ще може ли да се съдаде нова ДК, Малък бизнес
В кой ПЛАН ИМА ПЛАТИНЕНА КРЕДИТНА КАРТА , Ежедневно банкиране
Какви документи за ипотечен кредит при доходи от чужбина се изикват от клиента, Жилищни и ипотечни кредити
Как да добавя кредитна карта в план, Разсрочени плащания
ако клиента е завил пари за теглене на каса и не ги вземе какви са последиците ,  АТМ И КАСОВА ДЕЙНОСТ
Ако клиент има две левови сметки мога ли да активирам и по двете план за ежедневно банкиране, Ежедневно банкиране
колко е таксата за вноска по сметка на фирмен клиент, Малък бизнес
"как се изчислява доход на  кредитоискател ,който ще навърши пенсионна възраст",Няколко
как се прави превод на великобритания, БАНКОВИ ОПЕРАЦИИ
допълнителен доход,Други
ABC открива ли сметки в Австралийски долари, Ежедневно банкиране
ABC Комплект лимит превод, Ежедневно банкиране
как се анализират доходи от дивиденти, КРЕДИТЕН РИСК ИНДИВИДУАЛНИ КЛИЕНТИ
как ще потвърждавам плащане с ABC мобайл, Ежедневно банкиране
какви са таксите за валутни преводи на фл, Ежедневно банкиране
ИЗДАВАНЕ НА УДОСТОВЕРЕНИЕ,Няколко
Може ли да се отпусне заем на клиеент по майчинство, КРЕДИТЕН РИСК ИНДИВИДУАЛНИ КЛИЕНТИ
може ли да ми изтъкнеш предимства които да разкажа на клиента за застраховка смисъл за теб, Банково застраховане
как може да се активира вход с биометрия в ABC мобайл, Ежедневно банкиране
обединяване на профил в ABC бизнес, Малък бизнес
как мога да прекратя застраховк по стоков кредит, Банково застраховане
НА КАКВИ УСЛОВИЯ ТРЯБВА ДА ОТГОВАРЯ КРЕДИТОИСКАТЕЛ АКО ИМА СЪДЛЪЖНИК ЗА ЖИК КРЕДИТА ДА БЪДЕ ЗА МАКСИМАЛЕН СРОК 360МЕСЕЦА, Жилищни и ипотечни кредити
Колко струва план за Младежи?, Ежедневно банкиране
става въпрос за ABC mobile, Ежедневно банкиране
как да упълномощя друго лице за фирмен достъп,ПРАВНО
каква е таксатаза закриване на сметката, Ежедневно банкиране
КОЛКО НОТИФИКАЦИИ СЕ ИЗПРАЩАТ ПРИ ИЗТЕКЛА ЛИЧНА КАРТА ПРЕДИ ДА СЕ БЛОКИРА СМЕТКАТА НА КЛИЕНТА, Ежедневно банкиране
безплатно ли е откриването на ABC Старт, Ежедневно банкиране
списък с външни партньори, Жилищни и ипотечни кредити
ДОбър ден,Други
какъв е размерът на осигурителната вноска за професионален пенсионен фонд при първа категория труд, Спестяване и инвестиции
може ли да се направи валутен превод от рачетна сметка, БАНКОВИ ОПЕРАЦИИ
има ли такса разглеждане и одобрение при обезпечение с енергийна ефективност АА, Жилищни и ипотечни кредити
ДАЙ МИ ТАРИФА ЗА ЧАСТНО БАНКИРАНЕ,Няколко
"може ли средства постъпили от нои по новооткрита сметка да бъдат изтеглени ,ако е наложен запор по сметката и по нея няма средства", БАНКОВИ ОПЕРАЦИИ
как да продавам лесно кк , Разсрочени плащания
каква е цената на един SMS,Други
Много благодаря.,Други
къде са качени офертите за сегмент младежи ?,Други
ПРЕМИУМ ПЛАН , Ежедневно банкиране
КЪДЕ ДА СЪЗДАМ СТАТИЧЕН ПИН ЗА ИНТЕРНЕТ ПЛАЩАНИЯ В ABC Комплект, Ежедневно банкиране
колко ни е най-ниския процент за ипотечени кредити?, Жилищни и ипотечни кредити
дете на възраст 14-17 години подписва ли GDPR и по конкретно съгласие за Комплектен маркетинг, Ежедневно банкиране
каква е таксата за вноска на монети във каса ,  АТМ И КАСОВА ДЕЙНОСТ
как се добавя карта в Google/Apple wallet за плащане на ПОС през телефон в приложението ABC mobile, Ежедневно банкиране
чуждестранен клиент,Други
Откриваме ли сметки на граждани на Беларус, Ежедневно банкиране
какъв е срокът за усвояване на етапи при жик, Жилищни и ипотечни кредити
Къде в help desk мога да пусна заявка за подмяна на СОТ клавиатура,Други
плащане с виртуална карта през ABC Mobile преди да е готова , Ежедневно банкиране
Правим ли преводи за Беларус, БАНКОВИ ОПЕРАЦИИ
Може ли да попитм какъв документ трябва да се попълни от клиент навърщил пенсионна възраст за ABC Живот, Спестяване и инвестиции
Какъв е срокът за вземане на решение от застрахователя по заведена претенция:, Спестяване и инвестиции
"за покупка на жилищен имот,кое може да се приеме за основно обезпечение?", Жилищни и ипотечни кредити
МОЖЕ ЛИ КЛИЕНТ С ABC Радост ДА ИМА АКТИВНО БАНКИРАНЕ, Ежедневно банкиране
такса вноска на каса,  АТМ И КАСОВА ДЕЙНОСТ
може ли частично погасяване на кредит от друг клиент, Потребителско кредитиране
до колко допълнителни карти може да има клиент физическо лице, Ежедневно банкиране
Как работи кешбека на Уиз еър кредитната карта ?, Разсрочени плащания
Какви са покритията пхри застраховка Помощ при пътуване, Банково застраховане
Какви могат да бъдат обезпеченията при ипотечен кредит за гараж ?, Жилищни и ипотечни кредити
стъпки по откриване на фирмена сметка, Малък бизнес
каква е таксата за валутен превод в европейския съюз?, БАНКОВИ ОПЕРАЦИИ
искане за жилищен кредит от собственик на фирма и земеделски производител как да изчисля доход за анализ , Жилищни и ипотечни кредити
трябва ли да се подава заявка за теглене на сума над 5000 лева за клиенти с премиум план,  АТМ И КАСОВА ДЕЙНОСТ
непременно,Други
Какви са условия за откриване на дарителска сметка ABCNight, Ежедневно банкиране
Може ли ипотеката да е за покупка на имот от съпруг на съпруга ?, Жилищни и ипотечни кредити
сметка за основни операции, Ежедневно банкиране
при промяна на телефонен номер какъв е редът ,Други
Драстиии,Други
клиента дължи ли такса при касова вноска по кредитна карта, БАНКОВИ ОПЕРАЦИИ
"аз знам , че банката не открива срочни депозити . А ти откъде знаеш , че може?", Ежедневно банкиране
Бест Билдинг включен ли е в списъка,Други
колко е МОД в Пловдив,Няколко
колко ще е лихвата при използван лимит 500 лева извън гтаисния период, Разсрочени плащания
Как да сменя ПИН за вход в ABC Mobile, Ежедневно банкиране
Каква е минималната сума за срочен депозит?, Ежедневно банкиране
Как се задава алтернативен адрес ,Други
към днешна дата кой е с отворен период, Спестяване и инвестиции
кога ще кредитираме сглобяеми къщи, Жилищни и ипотечни кредити
Условия по новият пакет ABC Частно Банкиране?, Ежедневно банкиране
може ли да се кредитира клиент в предизвестие , Потребителско кредитиране
При какви параметри се кредитира покупка на офис или нежилищен имот с обезпечение жилищен имот, Жилищни и ипотечни кредити
виртуален iban,Други
на колко си години,Други
Какъв е максималния размер при ипотечен кредит за покупка на нежилищен имот?, Жилищни и ипотечни кредити
Усковия за набирателна сметка онлайн, Малък бизнес
къде може да се види лихвения процент по кредетните карти, Разсрочени плащания
мога ли да си подам заявката за заличаване на ипотека онлайн, Жилищни и ипотечни кредити
удостоверение за главница на ипотека, Жилищни и ипотечни кредити
"Моля, за линк към бланка за искане за ипотечен кредит ", Жилищни и ипотечни кредити
Документи при регистриране на кредит,Няколко
опис на досие на Юл, Малък бизнес
В какви инвестиционни продукти може да инвестира клиент ?, Спестяване и инвестиции
застраховка протект инвест, Банково застраховане
как се променя грешен статичен пин създаден в ABC Комплект ако клиента няма дебитна карта, Ежедневно банкиране
с кого да се свържа в отдел ПИПФТ ,Други
"какво е нужно да гледам  и искам от клиента като информация , за да пусна ктп", Потребителско кредитиране
какъв е срокът за изготвяне на пазарна оценка и ако не се спази какво следва, Жилищни и ипотечни кредити
"Здравейте,от кога се активира план след като се направи", Ежедневно банкиране
промоция ипотечни кредити външно рефинансиране, Жилищни и ипотечни кредити
какви са таксите за валутни преводи на юл, БАНКОВИ ОПЕРАЦИИ
може ли клиент да създаде сам нов статичен пин по карта без да посещава клон, Ежедневно банкиране
Допуска ли се онбординг за регистрация на дружество с трима собственици с по 33% участие в капитала, Малък бизнес
"АЗ СЕ КАЗВАМ НАДЯ А ТИ КАК СЕ КАЗВАШ ?
",Други
"СЪБИРА ЛИ СЕ ТАКСА ЗА ИЗДАВАНЕ НА ДОПЪЛНИТЕЛНА ДЕБИТНА КАРТА КЪМ ПЛАН ЗА МЛАДЕЖИ, ОСНОВЕН ПЛАН, ЗА ЗАПЛАТА, ПЛАН БЕЗ ОГРАНИЧЕНИЯ?", Ежедневно банкиране
Каква е таксата за теглене на банкомат ?,  АТМ И КАСОВА ДЕЙНОСТ
"какъв процент от месечното възнаграждение,може да е като вноска по кредит", Потребителско кредитиране
как да изтегля от сметка със запор, БАНКОВИ ОПЕРАЦИИ
как аз като служител да продам кк на клиент,Други
Как може да се правят вноски/тегления по сметка открита в SEK,  АТМ И КАСОВА ДЕЙНОСТ
Колко е паричната равностойност на 1 Уиз еър точка ?, Разсрочени плащания
при откриване на сметка на гражданин от кипър необходим ли ни е паспорт, Ежедневно банкиране
КТП ЗА ПЕНСИОНЕРИ, Потребителско кредитиране
кои документи не се  подписват с ел.писалка, Ежедневно банкиране
със заплата 2700 лева какъв максимален лимит на потребителски кредит мога да изтегля?, Потребителско кредитиране
не позволява в ел. банкиране,Други
какъв е минималният остатък по безсрочна сметка стимул плюс, Ежедневно банкиране
Коя е главната книга по която трябва да се събера таксата за закриване на фирмена сметка преди да са изтегли 6 месеца,  АТМ И КАСОВА ДЕЙНОСТ
има ли такса за вноска по депозит, Ежедневно банкиране
по коя сметка от главна книга събираме такса за теглене от фирмена сметка в евро,  АТМ И КАСОВА ДЕЙНОСТ
пекети фирам, Малък бизнес
Какви са ползите от план без ограничение?, Ежедневно банкиране
как да регистрирам работодател,Други
може ли съдлъжник по кредита да е пенсионер, Жилищни и ипотечни кредити
Какво се изисква при откриване на фирмена сметка, Малък бизнес
Какво е jumio?,Други
"кой номер е коя сигнатура

",Други
а в коя сметка се внасят,Други
КАКВИ УСЛУГИ СА ВКЛЮЧЕНИ В ПЛАН ЗА МЛАДЕЖИ И КОЛКО СТРУВА ТОЙ, Ежедневно банкиране
"трябва ли да има такса за вноска от трето лице по фирмена сметка , ако внасят служители от социални заведения за възрастни хора ", Малък бизнес
какъв е гратисния период на кредитна карта visa platinum, Разсрочени плащания
сигурен ли си че гаражите са 2 бр, Жилищни и ипотечни кредити
ТЕГЛЕНЕ ОТ БАНКОМАТ,  АТМ И КАСОВА ДЕЙНОСТ
трябва ми допълнителна информация,Други
ОВЪРДРАФТ, Потребителско кредитиране
Добър ден!,Други
украиснки граждани анекс ,Други
каква е таксата при заплащане на местен данък, БАНКОВИ ОПЕРАЦИИ
от кога ще може да издаваме КК виза, Разсрочени плащания
"Трябва ли да се архивира  опис на документите, които оформят кредитното досие при излъчен кредит през LOS?", Потребителско кредитиране
Как може да се заяви преференциален валутен курс за срочен депозит, БАНКОВИ ОПЕРАЦИИ
"Как се прекратява консултация за потребителски кредит в CRM, направена от друг служител, ако клиента е пред мен на гише и желае аз да излъча искането.",CRM
Дължи ли се такса за откриване на сметка ABC старт?, Ежедневно банкиране
"Може ли да се открие сметка на украински гражданин, нов клиент за банката с документ за временна закрила?", Ежедневно банкиране
Мога ли да преиздам златна кредитна карта Мастъркард в платинена карта Виза в Премиум план, Разсрочени плащания
сметката ABC Радост има ли такса, Ежедневно банкиране
теглене от децки влог, Ежедневно банкиране
КАК ДА ИЗКЛЮЧИМ КЛИЕНТ ОТ ЗАБРАНИТЕЛНИ СПИСЪЦИ, КРЕДИТЕН РИСК ИНДИВИДУАЛНИ КЛИЕНТИ
Какво включва дебитна карта word, Ежедневно банкиране
каква е таксата при вноска на банкомат, Ежедневно банкиране
"Може ли през LOS да се обработват искания за кредити, насочени от външни партньори?", Потребителско кредитиране
контакти при проблем с лос, Потребителско кредитиране
номер за контакт на клона Живот софия за клиенти,Други
"До каква възраст може да бъде сключена застраховка ,,Живот за мен""?", Банково застраховане
"Може ли да се предаде дебитна карта на пълномощник, ако представеното пълномощно е от юли 2014 година ?", Ежедневно банкиране
КАКВО ПОКРИВА ЗАСТРАХОВКА МОЕТО ПЪТУВАНЕ В ЕС, Банково застраховане
каква е таксата за преиздаване на изгубена кредитна карта, Разсрочени плащания
kyde da namerq cenowata matrica po vik, Жилищни и ипотечни кредити
КАК СЕ АКТИВИРА 3DS ПРИ ОНЛАЙН РАЗПЛАЩАНИЕ С БАНКОВА КАРТА КАТО ДОПЪЛНИТЕЛНА ПОТВЪРДЕНА СТЪПКАЗА СИГУРНОСТ, Ежедневно банкиране
".rnlr mf gr.rykr u,eorjr",Други
как се изчислява доходи от чужбина , КРЕДИТЕН РИСК ИНДИВИДУАЛНИ КЛИЕНТИ
какъв процент е таксата за теглене на суми със заявка за клиенти с примиум план, Ежедневно банкиране
Как може лице което не е клиент на банка ABC да получи кредитна карта от банка ABC , Разсрочени плащания
Какъв е минималния лимит на кредитна карта Платиниум, Разсрочени плащания
"Искам да разбера цената на превода, когато е нареден в офис на банката", БАНКОВИ ОПЕРАЦИИ
"Когато има технически проблем с АТМ, какви такси се прилагат за вноска в офис?", БАНКОВИ ОПЕРАЦИИ
гаранционно писмо за ипотечен кредит , Жилищни и ипотечни кредити
може ли да се разреши ипотечен кредит с обезпечение къща за гости, Жилищни и ипотечни кредити
ак да извърша превод към наследник от депозит на починал титуляр, БАНКОВИ ОПЕРАЦИИ
до каква сума може да се прои при запорирана сметка, БАНКОВИ ОПЕРАЦИИ
Документи за ЖИК с акт 14, Жилищни и ипотечни кредити
как се анализират доходи на земесделски производител, Малък бизнес
А КАКЪВ ТИП ТРАНЗАКЦИИ ТРЯБВА ДА СЕ ПРАВЯТ,Други
издаване на ДК план заплата, Ежедневно банкиране
коя е главнта книга за теглене на лева ,  АТМ И КАСОВА ДЕЙНОСТ
как се анлизират доходи на моряци, Потребителско кредитиране
за промяна на падежна дата на ктп какво е нужно, Потребителско кредитиране
Може ли клиент да използва само интернет банкирането ABC Online?, Ежедневно банкиране
Кредитна карта може ли да се дигитализира в ABC Мобайл, Ежедневно банкиране
"Здравей, при включен план за Заплата, а клиентът има издадени две карти към сметката, коя карта включваме в плана или и двете карти могат да се включат?", Ежедневно банкиране
Издава ли се дебитна карта по сметка в GBP?, Ежедневно банкиране
КАК СЕ ЗАКРИВА КК , Разсрочени плащания
Как да закрием спестовна компонента открита през ABC мобайл, Ежедневно банкиране
как могат да се проследят движенията чрез ABC mobile, Ежедневно банкиране
действия на служител при дублиране на ЕГН,CRM
Платинум кредитни карти за Премиум клиенти към Премиум план винаги ли се пускат по експресна процедура за издаване без допълнителна такса за експресната услуга ?, Ежедневно банкиране
как се активира 3DS при онлайн разплащания с банкови карти като допълнителна потвърдителна стъпка за сигурност, Ежедневно банкиране
"клиента трябва ли да предостави различни КСС в случай че ще излъчваме кредит за строителсто,довършителни работи и подобрение", Жилищни и ипотечни кредити
Как се обследва доход на адвокат? , КРЕДИТЕН РИСК ИНДИВИДУАЛНИ КЛИЕНТИ
как се сменя пин през ABC mobile, Ежедневно банкиране
Добро утро!,Други
ЕПЖ или монолит?, Жилищни и ипотечни кредити
"Какъв е максималният брой възрастни лица над 18 години, които могат да се застраховат в семеен пакет по застраховка Смисъл за теб?", Банково застраховане
как се оперира със замразена сметка ,Други
Какви са условия за ЖИК за довършителни работи?, Жилищни и ипотечни кредити
Може ли на АТМ да се внася евро?,  АТМ И КАСОВА ДЕЙНОСТ
какъв е процентът на финансиране за ипотечен кредит за покупка на жилищен имот на акт 15, Жилищни и ипотечни кредити
как може клиента да се регистрира в ABC mobile, Ежедневно банкиране
може ли да се кредитира покупка на общински имот, Жилищни и ипотечни кредити
С кой кредитни карти на банката мога да ползвам услугата Flaight delay pass@, Разсрочени плащания
колко струва превод към бюджета нареден от фирмена сметка, БАНКОВИ ОПЕРАЦИИ
примерен погасителен план персонален заем, Потребителско кредитиране
ОБЩИ УСЛОВИЯ ЛЮБИМА Жена , Банково застраховане
искам искане за кредит,Други
инструкция сигурност,Други
КАК СЕ ПУСКА ИЗЛЕЧЕНИЕ,Няколко
каква е минималната сума за усвояване по потребителски кредит, Потребителско кредитиране
трябва ли да минат 24 от тегленето за да тегля пак или трябва да мине 00 часа, Ежедневно банкиране
"Десете плащанаия с карта които трябва да се направят с дебитната карта за да се намали месечната такса, могат ли да се правят с кредитната карта?", Ежедневно банкиране
кога се пише декларазия за произход, Ежедневно банкиране
Колко дебитни карти може да се издадат към една сметка, Ежедневно банкиране
Моля за няколко ключови аргумента за прехвърляне на УПФ на клиент в ABC Живот, Спестяване и инвестиции
има ли такси при срочен депозит?, Ежедневно банкиране
мога ли да кандидатсвам без съдлъжник , Жилищни и ипотечни кредити
Каква е таксата за одобрение на потребителски кредит за 20000 лв., Потребителско кредитиране
КАКВА Е МАКСИМАЛНАТА ЕКСПОЗИЦИЯ ЗА КТП НА ПЕНСИОНЕР, Потребителско кредитиране
какво покрива застраховката смисъл за теб, Банково застраховане
годишна такса златна кредитна карта, Разсрочени плащания
дравейте как мога да си прехвърля ABC смарт на друг телефон, Ежедневно банкиране
През какъв период се подновява Оценка на целевия пазар?, Спестяване и инвестиции
как се определя лихвения процент при искане за кредит,Няколко
Колко е таксата за предоговарне на условия по ЖИК?, Жилищни и ипотечни кредити
каква е допустимата възрастова граница за отпускане на потребителски кредит , Потребителско кредитиране
извлечение спестовна сметка през ABC Комплект, Ежедневно банкиране
Онбординг на бизнес клиенти  как се стартира , Малък бизнес
нецелеви ипотечен кредит за вътрешно рефинансиране условия, Жилищни и ипотечни кредити
можели  съществуваща  кредитна  карта по общи условия   да бъде преоформена  по новите условия като клиента използва план без ограничение, Ежедневно банкиране
КАКВИ СА УСЛОВИЯТА ЗА ПРЕМИУМ ДЕПОЗИТ, Ежедневно банкиране
"Ще се начислява ли пропорционална годишна такса, при деактивиране на съществуващи кредитни карти Mastercard, при миграцията към Visa?", Разсрочени плащания
Каква е максималната възраст при кандидаствне на кредит и до какъв размер, Потребителско кредитиране
Кой летища са включени в Preority Pass?, Разсрочени плащания
колко време е срока за въс,Други
kreditni karti,Други
за масовия клиент може ли да се открие срочен депозит?, Ежедневно банкиране
какъв е максималния  размер на КТП , Потребителско кредитиране
Кредитира ли се клиент с доходи от авторски права, КРЕДИТЕН РИСК ИНДИВИДУАЛНИ КЛИЕНТИ
Каква е ползата от кредитна карта?, Разсрочени плащания
МОЖЕ ЛИ MTOKEN НА ЛИЧНА СМЕТКА ы ДА СЕ ПОЛЗВА И ЗА ФИРМЕНА СМЕТКА, Малък бизнес
от кога става активен план без ограничение , Ежедневно банкиране
КАК СЕ ПРАВИ ТЪРГОВСКИ ЖЕСТ,Други
"Когато има технически проблем с АТМ, какви такси се прилагат за вноска в офис? ", Ежедневно банкиране
клиент частно банкиране иска да тегли долари има ли такса за теглене на каса , БАНКОВИ ОПЕРАЦИИ
къде информация за външно представителство за ипотеки и процедура, Жилищни и ипотечни кредити
кредит под наблюдение,Няколко
Здравей! Как си днес?,Други
Колко години се гледат доходите за клиент самоосигуряващо се лице, Потребителско кредитиране
бланка за приложение1-1 Финансово споразумение с ББР,Други
КОМУНАЛНИ ПЛАЩАНИЯ , Ежедневно банкиране
Може ли от сметка ПСОО да се иска преферциален курс, Ежедневно банкиране
При жилищните кредити има ли промяна в продуктовите карти, Жилищни и ипотечни кредити
на каква стойност се равнява една точка от бонус програмата Wizz Air, Разсрочени плащания
Банката не открива сметки на етажна собственост, Ежедневно банкиране
какво включва пакет пълен?, Банково застраховане
"От къде намираш цялата информация, за да ми я предоставиш на мен",Други
"МОЖЕ ЛИ КЛИЕНТ ДА ПОЛУЧАВА SMS-И, КОИТО НЕ ОТГОВАРЯТ НА РЕАЛНАТА СУМА, КОЯТО ОСТАВА ПО СМЕТКАТА? КЪМ КОЙ ДА СЕ ОБЪРНА?",Други
